,City,Lat,Lng,Temp,Max Temp,Humidity,Cloudiness,Wind Speed,Country,Date
0,mataura,-46.19,168.86,62.01,62.01,63,100,5.99,NZ,1603529781
1,carnarvon,-24.87,113.63,78.8,78.8,65,0,19.46,AU,1603529782
2,rikitea,-23.12,-134.97,74.1,74.1,83,99,11.68,PF,1603529665
3,tuatapere,-46.13,167.68,62.01,62.01,63,100,5.99,NZ,1603529783
4,coalinga,36.14,-120.36,56.7,60.01,44,25,2.15,US,1603529784
5,port alfred,-33.59,26.89,75.96,75.96,67,72,14.45,ZA,1603529785
6,qaanaaq,77.48,-69.36,17.58,17.58,92,100,9.17,GL,1603529785
7,mocuba,-16.84,36.99,96.66,96.66,22,0,5.32,MZ,1603529786
8,bereznik,62.86,42.71,36.64,36.64,98,100,8.66,RU,1603529786
9,busselton,-33.65,115.33,75.99,75.99,22,2,6.58,AU,1603529787
10,saskylakh,71.92,114.08,11.1,11.1,93,100,18.59,RU,1603529788
11,vaini,-21.2,-175.2,73.4,73.4,83,90,5.82,TO,1603529788
12,lebu,-37.62,-73.65,50.9,50.9,81,100,4.76,CL,1603529789
13,pochutla,15.74,-96.47,78.01,78.01,91,31,3.29,MX,1603529790
14,souillac,-20.52,57.52,80.6,80.6,54,75,13.87,MU,1603529791
15,avarua,-21.21,-159.78,73.4,73.4,73,55,10.29,CK,1603529791
16,quatre cocos,-20.21,57.76,79.75,80.6,54,75,13.87,MU,1603529792
17,luanda,-8.84,13.23,77.0,77.0,83,75,5.82,AO,1603529792
18,klaksvik,62.23,-6.59,42.8,42.8,93,100,39.15,FO,1603529793
19,cape town,-33.93,18.42,64.69,66.0,82,75,12.75,ZA,1603529626
20,biak,-0.91,122.88,82.09,82.09,75,20,3.65,ID,1603529794
21,hermanus,-34.42,19.23,67.89,67.89,78,93,6.76,ZA,1603529795
22,mikkeli,61.69,27.27,35.37,35.6,77,75,8.05,FI,1603529796
23,kaitangata,-46.28,169.85,55.99,55.99,79,84,4.23,NZ,1603529796
24,cidreira,-30.18,-50.21,66.58,66.58,93,95,7.85,BR,1603529797
25,upernavik,72.79,-56.15,21.0,21.0,93,100,7.94,GL,1603529798
26,bourail,-21.57,165.48,76.53,76.53,73,0,5.26,NC,1603529798
27,port elizabeth,-33.92,25.57,77.0,77.0,69,40,10.29,ZA,1603529799
28,banda aceh,5.56,95.32,85.03,85.03,65,84,14.09,ID,1603529703
29,bredasdorp,-34.53,20.04,75.2,75.2,60,99,1.12,ZA,1603529800
30,hilo,19.73,-155.09,71.17,73.4,88,1,4.7,US,1603529257
31,severo-kurilsk,50.68,156.12,45.36,45.36,88,100,40.06,RU,1603529801
32,sakakah,29.97,40.21,80.6,80.6,12,0,4.7,SA,1603529802
33,tura,25.52,90.22,71.65,71.65,98,100,2.44,IN,1603529803
34,clyde river,70.47,-68.59,23.0,23.0,79,90,10.29,CA,1603529803
35,zabid,14.2,43.32,95.92,95.92,33,97,8.14,YE,1603529804
36,port keats,-14.25,129.55,84.9,84.9,68,47,8.37,AU,1603529805
37,maldonado,-34.67,-54.92,59.0,59.0,100,90,3.36,UY,1603529805
38,jamestown,42.1,-79.24,45.63,46.0,93,90,10.29,US,1603529574
39,fairbanks,64.84,-147.72,20.86,25.0,92,1,1.48,US,1603529711
40,san patricio,28.02,-97.52,59.58,60.8,72,75,20.8,US,1603529807
41,ust-maya,60.42,134.53,14.32,14.32,94,0,1.3,RU,1603529808
42,ushuaia,-54.8,-68.3,39.2,39.2,80,75,10.29,AR,1603529808
43,atuona,-9.8,-139.03,78.42,78.42,78,10,17.94,PF,1603529810
44,san cristobal,7.77,-72.22,67.14,67.14,75,100,1.23,VE,1603529810
45,cuamba,-14.8,36.54,96.89,96.89,21,9,3.96,MZ,1603529811
46,tasiilaq,65.61,-37.64,32.0,32.0,88,100,4.7,GL,1603529812
47,srednekolymsk,67.45,153.68,19.51,19.51,90,0,3.53,RU,1603529812
48,santa cruz,-17.8,-63.17,77.0,77.0,78,40,6.93,BO,1603529813
49,zheleznodorozhnyy,55.75,38.0,53.73,54.0,71,40,6.71,RU,1603529814
50,petropavlovsk-kamchatskiy,53.05,158.65,42.8,42.8,75,75,13.42,RU,1603529814
51,georgetown,5.41,100.34,84.13,84.2,79,20,12.75,MY,1603529815
52,bilibino,68.05,166.44,15.49,15.49,88,0,1.9,RU,1603529815
53,mabaruma,8.2,-59.78,74.57,74.57,98,37,2.62,GY,1603529816
54,victoria,22.29,114.16,72.86,77.0,56,100,1.01,HK,1603529815
55,santa ana,33.75,-117.87,64.4,66.99,72,90,0.74,US,1603529543
56,new norfolk,-42.78,147.06,46.13,50.0,61,75,17.22,AU,1603529818
57,bathsheba,13.22,-59.52,82.4,82.4,74,40,23.04,BB,1603529819
58,bluff,-46.6,168.33,62.01,62.01,63,100,5.99,NZ,1603529820
59,hithadhoo,-0.6,73.08,83.75,83.75,75,42,11.95,MV,1603529820
60,olafsvik,64.89,-23.71,43.99,43.99,77,100,25.72,IS,1603529821
61,hay river,60.82,-115.8,15.8,15.8,85,75,10.29,CA,1603529822
62,ixtapa,20.7,-105.2,82.99,82.99,91,99,1.01,MX,1603529822
63,lavrentiya,65.58,-171.0,33.82,33.82,92,99,2.46,RU,1603529823
64,punta arenas,-53.15,-70.92,42.39,42.8,93,90,11.41,CL,1603529823
65,khatanga,71.97,102.5,13.46,13.46,96,100,14.94,RU,1603529825
66,lasa,46.62,10.7,51.15,55.0,81,90,5.82,IT,1603529825
67,puerto penasco,31.32,-113.53,77.29,77.29,64,100,7.18,MX,1603529826
68,havoysund,71.0,24.66,37.4,37.4,93,75,25.28,NO,1603529827
69,barrow,71.29,-156.79,26.6,26.6,92,90,6.93,US,1603529827
70,castro,-24.79,-50.01,57.22,57.22,96,87,4.14,BR,1603529696
71,mahebourg,-20.41,57.7,80.6,80.6,54,75,13.87,MU,1603529706
72,balabac,7.99,117.06,81.75,81.75,78,100,8.3,PH,1603529829
73,ponta do sol,32.67,-17.1,63.21,66.2,68,40,6.93,PT,1603529830
74,chuy,-33.7,-53.46,61.61,61.61,98,100,2.73,UY,1603529830
75,port lincoln,-34.73,135.87,53.65,53.65,59,97,17.45,AU,1603529831
76,barabai,-2.58,115.38,85.71,85.71,63,99,2.77,ID,1603529832
77,tuktoyaktuk,69.45,-133.04,17.47,17.47,96,4,9.55,CA,1603529832
78,kavieng,-2.57,150.8,83.79,83.79,66,20,3.91,PG,1603529833
79,kapaa,22.08,-159.32,73.94,75.2,83,40,5.82,US,1603529834
80,murdochville,48.96,-65.5,46.72,46.72,94,100,13.24,CA,1603529834
81,villa corzo,16.17,-93.25,69.3,69.3,95,99,2.35,MX,1603529835
82,half moon bay,37.46,-122.43,53.8,55.99,87,1,1.66,US,1603529835
83,merke,42.87,73.18,48.0,48.0,51,79,6.46,KZ,1603529836
84,henties bay,-22.12,14.28,63.0,63.0,84,0,1.01,NA,1603529837
85,ostrovnoy,68.05,39.51,32.13,32.13,98,100,4.34,RU,1603529838
86,thompson,55.74,-97.86,19.4,19.4,73,90,5.82,CA,1603529839
87,bandarbeyla,9.49,50.81,82.42,82.42,55,72,10.65,SO,1603529839
88,denia,38.84,0.11,67.96,69.01,47,0,8.01,ES,1603529840
89,lompoc,34.64,-120.46,60.73,62.6,82,90,3.33,US,1603529841
90,saint-philippe,-21.36,55.77,76.44,80.6,54,0,25.28,RE,1603529844
91,kirksville,40.19,-92.58,35.51,36.0,80,90,11.41,US,1603529844
92,kafue,-15.77,28.18,90.82,90.82,17,35,9.64,ZM,1603529845
93,ossora,59.24,163.07,36.43,36.43,80,0,1.34,RU,1603529846
94,punta de bombon,-17.17,-71.79,62.15,62.15,81,99,2.77,PE,1603529846
95,portland,45.52,-122.68,52.07,55.0,76,40,5.19,US,1603529098
96,sidi ali,36.1,0.42,64.22,64.22,75,3,7.58,DZ,1603529848
97,pevek,69.7,170.31,24.89,24.89,94,0,7.4,RU,1603529848
98,mount isa,-20.73,139.5,87.8,87.8,40,0,8.05,AU,1603529849
99,vardo,70.37,31.11,37.31,37.31,94,100,27.51,NO,1603529849
100,torres,-29.34,-49.73,65.71,65.71,94,100,6.35,BR,1603529850
101,geraldton,-28.77,114.6,80.6,80.6,42,0,19.46,AU,1603529851
102,nanortalik,60.14,-45.24,32.41,32.41,91,89,9.53,GL,1603529851
103,saint-francois,46.42,3.91,53.6,53.6,87,90,6.93,FR,1603529852
104,faya,18.39,42.45,72.5,73.4,15,0,8.05,SA,1603529853
105,gornopravdinsk,60.05,69.9,28.49,28.49,93,0,6.46,RU,1603529854
106,sohag,26.56,31.69,80.6,80.6,36,0,16.11,EG,1603529855
107,yellowknife,62.46,-114.35,23.0,23.0,85,90,8.05,CA,1603529572
108,butaritari,3.07,172.79,82.33,82.33,71,83,7.34,KI,1603529857
109,vao,-22.67,167.48,73.54,73.54,86,48,18.41,NC,1603529857
110,vikesa,58.64,6.09,45.0,45.0,96,94,1.01,NO,1603529858
111,airai,-8.93,125.41,69.78,69.78,89,7,1.07,TL,1603529858
112,joshimath,30.57,79.57,66.51,66.51,24,0,8.57,IN,1603529859
113,saldanha,-33.01,17.94,62.6,62.6,72,7,9.17,ZA,1603529860
114,carlisle,40.2,-77.19,58.98,61.0,94,10,3.06,US,1603529860
115,sambava,-14.27,50.17,80.33,80.33,67,20,15.12,MG,1603529861
116,faanui,-16.48,-151.75,79.3,79.3,67,85,4.07,PF,1603529862
117,batemans bay,-35.72,150.18,57.09,57.99,96,100,11.81,AU,1603529863
118,zyryanka,65.75,150.85,22.98,22.98,94,0,6.6,RU,1603529864
119,pangody,65.85,74.49,18.61,18.61,96,100,12.57,RU,1603529864
120,arraial do cabo,-22.97,-42.03,72.37,72.37,82,96,22.41,BR,1603529865
121,haines junction,60.75,-137.51,20.1,20.1,83,100,1.43,CA,1603529865
122,manacapuru,-3.3,-60.62,77.0,77.0,100,75,3.36,BR,1603529866
123,morant bay,17.88,-76.41,76.23,78.8,83,90,11.41,JM,1603529867
124,novoorsk,51.38,58.98,37.4,37.4,93,90,13.42,RU,1603529867
125,arman,59.7,150.17,39.38,39.38,83,100,6.06,RU,1603529868
126,mar del plata,-38.0,-57.56,57.99,59.0,100,90,3.36,AR,1603529869
127,barpeta,26.32,91.0,78.8,78.8,100,90,8.05,IN,1603529869
128,shimoda,34.67,138.95,55.0,55.0,61,0,3.0,JP,1603529870
129,jiujiang,29.73,115.98,63.68,63.68,47,79,9.84,CN,1603529871
130,kieta,-6.22,155.63,80.28,80.28,76,100,4.05,PG,1603529871
131,kuytun,54.34,101.5,42.1,42.1,81,100,5.35,RU,1603529872
132,hobart,-42.88,147.33,46.72,50.0,61,75,17.22,AU,1603529873
133,sioux lookout,50.1,-91.92,26.6,26.6,92,90,3.36,CA,1603529864
134,chadan,51.28,91.58,41.72,41.72,65,98,2.44,RU,1603529874
135,acapulco,16.86,-99.89,79.07,79.07,84,74,4.52,MX,1603529677
136,klyuchi,52.27,79.17,31.95,31.95,81,100,16.31,RU,1603529875
137,waingapu,-9.66,120.26,84.6,84.6,68,100,8.46,ID,1603529877
138,rosario,-32.95,-60.64,68.0,68.0,94,90,6.93,AR,1603529877
139,nikolskoye,59.7,30.79,40.66,42.01,69,20,6.71,RU,1603529878
140,lamont,35.26,-118.91,62.17,62.6,36,1,4.7,US,1603529879
141,te anau,-45.42,167.72,54.32,54.32,81,100,5.91,NZ,1603529879
142,evensk,61.95,159.23,31.3,31.3,94,63,3.89,RU,1603529880
143,provideniya,64.38,-173.3,33.37,33.37,93,89,13.27,RU,1603529881
144,chokurdakh,70.63,147.92,9.16,9.16,94,100,10.58,RU,1603529882
145,albany,42.6,-73.97,60.96,62.01,86,33,4.63,US,1603529883
146,churapcha,62.0,132.43,16.5,16.5,94,97,2.86,RU,1603529883
147,anadyr,64.75,177.48,24.35,24.8,92,40,6.71,RU,1603529884
148,east london,-33.02,27.91,77.0,77.0,69,75,12.75,ZA,1603529885
149,kem,64.96,34.58,34.29,34.29,89,15,12.68,RU,1603529885
150,dwarka,22.24,68.97,85.71,85.71,49,0,7.87,IN,1603529886
151,leningradskiy,69.38,178.42,22.39,22.39,91,44,5.99,RU,1603529887
152,ormond beach,29.29,-81.06,74.53,75.99,100,75,5.93,US,1603529887
153,guerrero negro,27.98,-114.06,65.17,65.17,87,1,9.66,MX,1603529888
154,paamiut,61.99,-49.67,32.52,32.52,88,2,24.85,GL,1603529889
155,dhidhdhoo,6.88,73.1,82.36,82.36,75,49,10.36,MV,1603529890
156,gazojak,41.19,61.4,62.02,62.02,32,3,3.15,TM,1603529891
157,roma,43.21,-75.46,64.6,66.2,72,90,3.36,US,1603529610
158,stykkisholmur,65.08,-22.73,41.38,41.38,81,99,17.25,IS,1603529892
159,alice springs,-23.7,133.88,78.8,78.8,29,40,10.29,AU,1603529870
160,bilma,18.69,12.92,84.36,84.36,14,0,14.67,NE,1603529893
161,hambantota,6.12,81.12,95.0,95.0,53,20,16.11,LK,1603529894
162,sao filipe,14.9,-24.5,80.8,80.8,75,48,10.45,CV,1603529895
163,hatillo,18.49,-66.83,74.37,75.0,94,100,7.49,PR,1603529895
164,avera,33.19,-82.53,61.81,62.6,94,1,2.35,US,1603529896
165,belyy yar,53.6,91.39,41.0,41.0,80,40,4.47,RU,1603529897
166,pemangkat,1.17,108.97,82.89,82.89,77,94,8.97,ID,1603529897
167,auki,-8.77,160.7,79.48,79.48,81,75,3.51,SB,1603529914
168,yablonovo,50.85,37.36,53.6,53.6,81,100,4.47,RU,1603529914
169,lakes entrance,-37.88,147.98,52.0,52.0,94,100,13.6,AU,1603529915
170,puerto ayora,-0.74,-90.35,68.0,68.0,93,90,5.99,EC,1603529916
171,north bend,43.41,-124.22,56.53,57.99,100,90,4.7,US,1603529916
172,benguela,-12.58,13.41,77.0,77.0,83,75,8.79,AO,1603529917
173,bambous virieux,-20.34,57.76,79.84,80.6,54,75,13.87,MU,1603529917
174,codrington,-38.27,141.97,49.01,49.01,72,71,14.7,AU,1603529918
175,pangnirtung,66.15,-65.71,24.15,24.15,94,100,0.85,CA,1603529919
176,isangel,-19.55,169.27,75.33,75.33,81,3,15.08,VU,1603529919
177,whitehorse,60.72,-135.05,14.0,14.0,72,20,16.11,CA,1603529920
178,luderitz,-26.65,15.16,70.21,70.21,53,14,11.65,NA,1603529921
179,kisoro,-1.29,29.68,77.0,77.0,61,40,4.7,UG,1603529921
180,puerto escondido,15.85,-97.07,78.67,78.67,82,71,5.46,MX,1603529922
181,vilhena,-12.74,-60.15,69.08,69.08,96,88,2.06,BR,1603529922
182,nchelenge,-9.35,28.73,87.4,87.4,37,2,5.7,ZM,1603529923
183,chelno-vershiny,54.43,51.1,52.84,52.84,78,90,16.87,RU,1603529924
184,kushima,31.46,131.23,63.32,66.2,42,20,16.11,JP,1603529924
185,komsomolskiy,40.43,71.72,59.0,59.0,33,100,2.24,UZ,1603529925
186,talanga,14.4,-87.08,68.0,68.0,94,75,0.27,HN,1603529925
187,broome,42.25,-75.83,60.85,63.0,82,90,8.05,US,1603529926
188,caucaia,-3.74,-38.65,80.31,80.6,78,75,16.11,BR,1603529920
189,itarema,-2.92,-39.92,79.61,79.61,78,18,14.12,BR,1603529927
190,kirovskiy,45.09,133.51,39.74,39.74,66,100,15.48,RU,1603529928
191,balikpapan,-1.27,116.83,86.0,86.0,79,20,2.24,ID,1603529929
192,garowe,8.41,48.48,88.61,88.61,28,0,1.68,SO,1603529929
193,dikson,73.51,80.55,25.21,25.21,94,100,10.54,RU,1603529930
194,yeppoon,-23.13,150.73,78.8,78.8,65,31,8.05,AU,1603529930
195,mahibadhoo,3.78,72.97,81.16,81.16,81,42,13.49,MV,1603529931
196,los llanos de aridane,28.66,-17.92,66.36,71.6,64,75,10.29,ES,1603529932
197,torbay,47.67,-52.73,39.33,42.01,93,75,3.36,CA,1603529932
198,hofn,64.25,-15.21,45.66,45.66,82,100,36.62,IS,1603529933
199,caravelas,-17.71,-39.25,73.02,73.02,90,49,4.5,BR,1603529933
200,port macquarie,-31.43,152.92,69.01,69.01,89,100,11.79,AU,1603529828
201,jadu,31.95,12.03,74.73,74.73,22,0,3.47,LY,1603529935
202,kirakira,-10.45,161.92,80.08,80.08,84,22,7.7,SB,1603529936
203,vierzon,47.21,2.06,56.19,57.2,87,90,10.29,FR,1603529936
204,ulvik,60.57,6.92,37.24,42.01,97,76,2.8,NO,1603529937
205,berlevag,70.86,29.09,37.4,37.4,86,75,20.8,NO,1603529938
206,lagoa,39.05,-27.98,66.94,66.94,80,4,26.75,PT,1603529938
207,treinta y tres,-33.23,-54.38,62.28,62.28,98,100,3.78,UY,1603529939
208,rafaela,-31.25,-61.49,69.6,70.0,77,48,1.01,AR,1603529939
209,ponta delgada,37.73,-25.67,66.2,66.2,77,75,14.99,PT,1603529940
210,vilyuysk,63.76,121.62,19.27,19.27,95,38,4.36,RU,1603529942
211,oakdale,44.96,-92.96,24.8,24.8,73,1,9.17,US,1603529944
212,manta,-0.95,-80.73,73.4,73.4,83,90,9.17,EC,1603529945
213,wellington,-41.29,174.78,59.11,60.8,93,9,24.16,NZ,1603529881
214,pindiga,9.98,10.93,85.15,85.15,52,20,1.19,NG,1603529946
215,nongan,44.38,125.17,48.2,48.2,29,0,8.95,CN,1603529947
216,mandalgovi,45.76,106.27,47.28,47.28,42,100,6.38,MN,1603529947
217,necochea,-38.55,-58.74,52.0,52.0,94,28,1.01,AR,1603529948
218,rocha,-34.48,-54.33,62.13,62.13,97,100,0.92,UY,1603529949
219,bethel,41.37,-73.41,59.0,59.0,90,96,1.99,US,1603529949
220,zhuhai,22.28,113.57,76.86,78.8,60,20,12.75,CN,1603529950
221,norman wells,65.28,-126.83,19.4,19.4,100,75,4.7,CA,1603529950
222,yulara,-25.24,130.99,77.0,77.0,29,3,10.29,AU,1603529951
223,narsaq,60.92,-46.05,28.4,28.4,74,90,3.36,GL,1603529952
224,awjilah,29.11,21.29,74.66,74.66,49,0,9.89,LY,1603529952
225,conceicao do araguaia,-8.26,-49.26,74.32,74.32,89,98,2.24,BR,1603529953
226,oussouye,12.48,-16.55,76.12,77.0,94,0,6.15,SN,1603529953
227,atlantic beach,30.33,-81.4,70.79,73.4,83,1,4.36,US,1603529954
228,vostok,46.49,135.88,26.89,26.89,100,100,7.02,RU,1603529955
229,muros,42.78,-9.06,60.55,61.0,85,100,20.0,ES,1603529956
230,xinxiang,35.31,113.87,65.84,65.84,27,100,6.64,CN,1603529957
231,tucurui,-3.77,-49.67,73.18,73.18,89,80,3.96,BR,1603529957
232,iqaluit,63.75,-68.51,24.39,24.8,79,75,2.24,CA,1603529958
233,hamamatsu,34.7,137.73,63.46,64.0,59,46,8.99,JP,1603529959
234,esperance,-33.87,121.9,64.4,64.4,59,72,18.34,AU,1603529960
235,kudahuvadhoo,2.67,72.89,82.83,82.83,75,16,13.18,MV,1603529961
236,valdivia,-39.81,-73.25,50.0,50.0,100,90,1.12,CL,1603529763
237,sao felix do xingu,-6.64,-51.99,72.19,72.19,96,100,0.22,BR,1603529962
238,gorontalo,0.54,123.06,82.56,82.56,73,64,1.5,ID,1603529963
239,aykhal,66.0,111.5,19.4,19.4,67,0,6.71,RU,1603529963
240,vestmanna,62.16,-7.17,42.8,42.8,93,100,39.15,FO,1603529964
241,mackay,-21.15,149.2,77.0,77.0,78,40,14.99,AU,1603529814
242,dafeng,23.45,108.59,74.77,74.77,54,99,6.08,CN,1603529965
243,tete,-16.16,33.59,87.8,87.8,43,0,11.41,MZ,1603529966
244,oranjemund,-28.55,16.43,66.79,66.79,60,0,10.78,NA,1603529967
245,hasaki,35.73,140.83,59.29,60.8,77,20,4.7,JP,1603529967
246,tabuk,17.42,121.44,78.89,78.89,86,100,6.38,PH,1603529968
247,ous,60.91,61.52,28.15,28.15,88,100,10.09,RU,1603529968
248,port hawkesbury,45.62,-61.35,44.96,50.0,100,75,8.05,CA,1603529705
249,la ronge,55.1,-105.28,21.2,21.2,62,90,9.17,CA,1603529970
250,agirish,61.92,63.02,26.85,26.85,88,100,10.18,RU,1603529970
251,frankfort,-27.27,28.48,92.77,92.77,18,46,2.17,ZA,1603529971
252,ascension,30.22,-90.9,70.14,71.6,94,90,3.36,US,1603529972
253,muroto,33.28,134.15,62.6,62.6,42,20,6.93,JP,1603529972
254,nekrasovka,48.35,135.23,37.4,37.4,100,75,8.95,RU,1603529973
255,xam nua,20.42,104.04,71.24,71.24,48,99,3.33,LA,1603529973
256,nome,64.5,-165.41,35.24,35.6,95,90,11.41,US,1603529974
257,okahandja,-21.98,16.92,88.34,89.01,12,0,9.17,NA,1603529975
258,harper,4.38,-7.72,80.46,80.46,81,71,5.79,LR,1603529975
259,lago da pedra,-4.33,-45.17,74.62,74.62,92,100,2.44,BR,1603529976
260,leh,34.17,77.58,44.02,44.02,35,10,7.58,IN,1603529977
261,mecca,21.43,39.83,99.73,99.73,9,0,8.21,SA,1603529780
262,richards bay,-28.78,32.04,83.35,83.35,49,96,14.23,ZA,1603529978
263,coos bay,43.37,-124.22,55.76,57.0,100,90,4.7,US,1603529979
264,asau,46.43,26.4,64.99,64.99,58,100,6.06,RO,1603529980
265,atikokan,48.76,-91.62,24.53,24.53,96,98,5.77,CA,1603529980
266,tefe,-3.35,-64.71,73.22,73.22,96,99,1.43,BR,1603529981
267,soubre,5.79,-6.61,78.66,78.66,84,56,2.55,CI,1603529982
268,cap malheureux,-19.98,57.61,79.0,79.0,59,14,10.0,MU,1603529983
269,krasnoselkup,65.7,82.47,17.28,17.28,97,97,9.57,RU,1603529983
270,abha,18.22,42.51,72.45,73.4,15,0,8.05,SA,1603529984
271,marawi,8.0,124.29,80.01,80.01,79,100,5.01,PH,1603529985
272,sterling,39.01,-77.43,59.85,62.01,93,20,6.93,US,1603529986
273,salalah,17.02,54.09,87.8,87.8,43,0,6.93,OM,1603529986
274,el alto,-4.27,-81.21,64.2,64.2,81,87,9.48,PE,1603529987
275,cabo san lucas,22.89,-109.91,75.51,75.99,80,21,8.86,MX,1603529886
276,katherine,-14.47,132.27,89.6,89.6,43,84,12.75,AU,1603529989
277,almaznyy,48.04,40.05,66.2,66.2,63,40,17.9,RU,1603529989
278,hamilton,39.18,-84.53,46.94,48.2,81,90,14.99,US,1603529760
279,padang,-0.95,100.35,83.61,83.61,68,100,4.14,ID,1603529990
280,dunedin,-45.87,170.5,56.1,57.0,77,18,1.99,NZ,1603529968
281,talnakh,69.49,88.4,3.2,3.2,91,0,8.95,RU,1603529994
282,mahanoro,-19.9,48.8,77.31,77.31,73,76,8.43,MG,1603529995
283,kuusamo,65.97,29.18,24.8,24.8,85,75,6.93,FI,1603529995
284,kungurtug,50.6,97.52,43.23,43.23,58,100,2.01,RU,1603529996
285,aklavik,68.22,-135.01,24.8,24.8,62,5,14.99,CA,1603529997
286,udimskiy,61.14,45.91,40.01,40.01,99,100,4.97,RU,1603529997
287,gouyave,12.16,-61.73,82.63,82.63,78,37,21.92,GD,1603529998
288,nara,34.69,135.8,63.12,64.4,42,20,13.87,JP,1603529999
289,prainha,-1.8,-53.48,73.94,73.94,79,11,3.0,BR,1603529999
290,cherskiy,68.75,161.3,19.0,19.0,92,0,7.4,RU,1603530000
291,beruwala,6.48,79.98,83.19,83.19,74,87,8.97,LK,1603530001
292,hami,42.8,93.45,66.24,66.24,23,0,6.64,CN,1603530001
293,carapegua,-25.8,-57.23,75.2,75.2,73,75,6.93,PY,1603530004
294,tubuala,9.52,-79.03,75.4,75.99,100,40,5.82,PA,1603530005
295,shingu,33.73,135.98,62.6,62.6,48,20,18.34,JP,1603530006
296,coquimbo,-29.95,-71.34,53.6,53.6,87,1,4.7,CL,1603529886
297,soyo,-6.13,12.37,78.8,78.8,83,75,8.05,AO,1603530008
298,turan,16.07,108.22,84.2,84.2,54,40,5.82,VN,1603530009
299,alofi,-19.06,-169.92,73.4,73.4,94,94,10.29,NU,1603530010
300,nha trang,12.25,109.18,84.2,84.2,66,75,9.17,VN,1603530011
301,japura,-0.32,102.35,84.4,84.4,70,100,1.05,ID,1603530012
302,celestun,20.87,-90.4,79.59,79.59,87,69,10.33,MX,1603530013
303,gisborne,-38.65,178.0,64.0,64.0,85,5,4.0,NZ,1603530014
304,akdepe,42.06,59.38,63.52,64.4,27,0,11.41,TM,1603530015
305,calbuco,-41.77,-73.13,50.0,50.0,93,90,5.82,CL,1603530016
306,kebumen,-7.67,109.65,83.01,83.01,74,41,9.4,ID,1603530016
307,jacksonville,30.33,-81.66,68.83,70.0,88,1,2.19,US,1603529985
308,honiara,-9.43,159.95,77.0,77.0,94,75,3.36,SB,1603530018
309,general roca,-39.03,-67.58,64.4,64.4,68,0,4.7,AR,1603530019
310,san lawrenz,36.06,14.2,72.7,73.4,78,20,14.99,MT,1603530020
311,musoma,-1.5,33.8,82.4,82.4,51,20,11.41,TZ,1603530021
312,san pedro de macoris,18.46,-69.3,75.2,75.2,88,20,4.7,DO,1603530018
313,ribeira grande,38.52,-28.7,66.2,66.2,82,40,17.22,PT,1603530023
314,flinders,-34.58,150.86,70.0,70.0,91,100,1.01,AU,1603529724
315,kavaratti,10.57,72.64,86.0,86.0,70,40,4.7,IN,1603530024
316,tahe,52.33,124.73,30.9,30.9,94,0,6.13,CN,1603530025
317,ust-kuyga,70.02,135.6,12.49,12.49,91,86,8.05,RU,1603530027
318,pucallpa,-8.38,-74.55,70.34,70.34,92,4,1.57,PE,1603530027
319,molina,-35.12,-71.28,48.2,48.2,76,20,3.36,CL,1603530028
320,toora-khem,52.47,96.11,35.17,35.17,87,100,2.57,RU,1603530029
321,liverpool,53.41,-2.98,51.19,51.8,87,90,17.22,GB,1603529819
322,touros,-5.2,-35.46,75.2,75.2,94,40,3.36,BR,1603530009
323,bam,29.11,58.36,73.63,73.63,20,0,21.25,IR,1603530032
324,ekibastuz,51.67,75.37,32.77,32.77,75,42,14.05,KZ,1603530032
325,taoudenni,22.68,-3.98,94.57,94.57,10,42,6.89,ML,1603530033
326,mikhaylovka,50.06,43.24,66.99,66.99,58,100,5.01,RU,1603530034
327,north platte,41.12,-100.77,21.61,23.0,79,75,10.29,US,1603530035
328,amuntai,-2.42,115.25,88.25,88.25,56,97,1.79,ID,1603530035
329,mae sai,20.43,99.88,86.0,86.0,40,20,3.36,TH,1603530036
330,katsuura,35.13,140.3,64.09,66.99,45,52,11.01,JP,1603530037
331,bengkulu,-3.8,102.27,82.58,82.58,73,100,4.41,ID,1603529944
332,chumikan,54.72,135.31,37.4,37.4,80,100,13.02,RU,1603530038
333,palana,59.12,159.97,34.61,34.61,88,51,8.3,RU,1603530039
334,trelew,-43.25,-65.31,64.99,64.99,43,100,6.96,AR,1603530015
335,chunoyar,57.45,97.32,35.6,35.6,80,99,3.33,RU,1603530041
336,camacha,33.08,-16.33,66.2,66.2,63,20,2.24,PT,1603530041
337,pisco,-13.7,-76.22,61.32,62.01,87,40,1.12,PE,1603530042
338,tiksi,71.69,128.87,12.09,12.09,91,38,17.76,RU,1603530043
339,mana,5.66,-53.78,80.22,80.22,84,99,9.57,GF,1603530043
340,paulo afonso,-9.41,-38.21,73.09,73.09,84,92,8.81,BR,1603530044
341,tocopilla,-22.09,-70.2,60.42,60.42,66,67,2.26,CL,1603530045
342,ibiruba,-28.63,-53.09,64.06,64.06,87,98,6.64,BR,1603530046
343,poum,-20.23,164.02,78.08,78.08,78,86,7.67,NC,1603530047
344,safranbolu,41.25,32.69,77.31,77.31,25,38,2.26,TR,1603530047
345,nishihara,26.18,127.76,72.82,73.4,49,75,13.87,JP,1603530049
346,zhengjiatun,43.51,123.51,47.23,47.23,48,0,5.44,CN,1603530049
347,rudbar,30.15,62.6,74.25,74.25,18,0,20.42,AF,1603530023
348,weston,26.1,-80.4,76.48,78.8,83,20,6.93,US,1603530051
349,port-gentil,-0.72,8.78,80.6,80.6,88,75,5.82,GA,1603530052
350,bol,13.46,14.71,86.29,86.29,39,22,16.78,TD,1603530053
351,betioky,-23.72,44.38,105.33,105.33,12,63,3.56,MG,1603530054
352,kendari,-3.94,122.5,82.98,82.98,74,97,6.51,ID,1603530054
353,makakilo city,21.35,-158.09,74.1,75.2,88,1,3.36,US,1603530055
354,saint-joseph,-21.37,55.62,76.14,80.6,54,0,25.28,RE,1603530056
355,fortuna,40.6,-124.16,50.97,53.01,87,90,3.27,US,1603529883
356,tabou,4.42,-7.35,80.1,80.1,82,89,4.61,CI,1603530057
357,chateaudun,48.08,1.33,57.2,57.2,93,90,18.34,FR,1603530058
358,wewak,-3.55,143.63,81.1,81.1,73,3,4.52,PG,1603530059
359,ignatovka,53.95,47.65,52.02,52.02,78,100,13.18,RU,1603530060
360,kincardine,56.07,-3.72,48.06,53.6,87,75,17.22,GB,1603530060
361,huron,41.15,-82.55,45.59,46.99,90,100,1.01,US,1603530061
362,buraydah,26.33,43.98,82.4,82.4,23,0,9.17,SA,1603530062
363,kupang,-10.17,123.58,87.8,87.8,62,20,11.41,ID,1603530063
364,broken hill,-31.95,141.43,60.8,60.8,51,40,20.8,AU,1603530064
365,puro,12.48,123.38,81.46,81.46,84,100,9.6,PH,1603530065
366,alyangula,-13.85,136.42,86.0,86.0,62,18,12.75,AU,1603530066
367,sao joao da barra,-21.64,-41.05,72.95,72.95,82,99,12.73,BR,1603530067
368,prince rupert,54.32,-130.32,32.0,32.0,83,1,5.82,CA,1603529985
369,samana,19.21,-69.34,76.77,76.77,90,100,3.2,DO,1603530084
370,gebre guracha,9.8,38.4,67.17,67.17,46,66,0.69,ET,1603530085
371,morro da fumaca,-28.65,-49.21,64.24,64.24,88,61,4.9,BR,1603530085
372,beringovskiy,63.05,179.32,32.41,32.41,94,99,21.77,RU,1603530086
373,sal rei,16.18,-22.92,78.8,78.8,83,40,14.99,CV,1603530087
374,sheridan,44.83,-106.92,24.58,25.0,79,90,3.83,US,1603530087
375,kokuy,52.2,117.55,34.54,34.54,84,0,1.72,RU,1603530088
376,neaua,46.48,24.83,50.0,50.0,87,71,4.7,RO,1603530088
377,udomlya,57.88,34.99,43.09,43.09,74,73,7.25,RU,1603530089
378,tupik,54.43,119.93,28.15,28.15,94,0,2.55,RU,1603530090
379,alamosa,37.47,-105.87,35.6,35.6,64,1,12.75,US,1603530091
380,cayenne,4.93,-52.33,75.2,75.2,100,0,1.12,GF,1603530092
381,alekseyevsk,57.84,108.35,34.18,34.18,90,38,1.23,RU,1603530093
382,almeria,37.17,-2.33,66.42,68.0,55,0,3.36,ES,1603530093
383,diamantino,-14.41,-56.45,72.77,72.77,90,100,4.29,BR,1603530094
384,vryburg,-26.96,24.73,94.62,94.62,14,0,3.0,ZA,1603530095
385,longyearbyen,78.22,15.64,23.0,23.0,73,75,5.82,SJ,1603530095
386,antalaha,-14.9,50.28,80.89,80.89,64,12,14.18,MG,1603530096
387,ziro,27.63,93.83,73.4,73.4,100,90,8.05,IN,1603530097
388,vangaindrano,-23.35,47.6,76.82,76.82,73,66,9.15,MG,1603530097
389,maceio,-9.67,-35.74,75.2,75.2,94,40,3.36,BR,1603530078
390,holland,42.79,-86.11,36.57,37.4,80,20,8.86,US,1603529813
391,miraflores,19.22,-98.81,53.6,53.6,40,5,5.21,MX,1603530099
392,veinticinco de mayo,-35.43,-60.17,63.0,63.0,94,23,8.01,AR,1603530100
393,olkhovatka,50.28,39.29,60.21,60.21,59,100,8.03,RU,1603530100
394,bereda,43.27,-7.54,55.0,57.0,88,95,18.01,ES,1603530101
395,mehamn,71.04,27.85,37.4,37.4,86,75,20.8,NO,1603530102
396,karratha,-20.74,116.85,78.03,78.03,54,0,19.26,AU,1603530103
397,terebovlya,49.3,25.71,61.0,61.0,75,100,9.51,UA,1603530104
398,koumac,-20.57,164.28,77.43,77.43,76,73,3.91,NC,1603530104
399,lorengau,-2.02,147.27,82.26,82.26,64,30,5.19,PG,1603530105
400,svetlogorsk,52.63,29.73,52.36,52.36,94,100,7.83,BY,1603530106
401,kidodi,-7.6,37.0,91.8,91.8,38,43,5.19,TZ,1603530106
402,innisfail,-17.53,146.03,75.4,75.4,82,13,5.17,AU,1603530107
403,ballina,-28.87,153.57,69.24,69.8,94,40,11.41,AU,1603530107
404,skjervoy,70.03,20.97,39.43,39.43,81,100,10.11,NO,1603530108
405,wakkanai,45.41,141.67,44.6,44.6,81,75,14.99,JP,1603530109
406,sistranda,63.73,8.83,35.6,35.6,74,40,9.17,NO,1603530110
407,aktau,43.65,51.2,66.2,66.2,45,0,15.66,KZ,1603530110
408,buala,-8.14,159.59,81.21,81.21,78,96,3.44,SB,1603530111
409,evanston,42.04,-87.69,36.81,39.0,80,40,5.82,US,1603529845
410,kolokani,13.57,-8.03,86.81,86.81,28,0,2.98,ML,1603530112
411,kurilsk,45.23,147.88,49.59,49.59,69,86,2.82,RU,1603530113
412,kodiak,57.79,-152.41,48.2,48.2,93,90,4.47,US,1603530113
413,outlook,51.5,-107.05,17.01,17.01,73,0,3.0,CA,1603530115
414,bumba,2.18,22.47,89.89,89.89,54,14,1.61,CD,1603530115
415,chebsara,59.2,38.84,39.2,39.2,64,40,6.71,RU,1603530117
416,palmer,42.16,-72.33,58.78,60.01,93,90,6.93,US,1603530117
417,ilulissat,69.22,-51.1,21.2,21.2,57,34,3.36,GL,1603530118
418,flin flon,54.77,-101.86,19.15,19.15,94,64,6.89,CA,1603530119
419,nuuk,64.18,-51.72,30.09,30.2,74,0,4.7,GL,1603530119
420,chino valley,34.76,-112.45,51.17,54.0,57,1,5.82,US,1603529942
421,korla,41.76,86.15,64.45,64.45,24,6,2.33,CN,1603530121
422,derbent,42.07,48.29,70.03,70.03,50,0,7.92,RU,1603530121
423,ponferrada,42.55,-6.6,50.36,53.01,90,75,1.68,ES,1603530107
424,hohhot,40.81,111.65,59.0,59.0,19,0,4.47,CN,1603530123
425,grand gaube,-20.01,57.66,79.0,79.0,59,10,10.0,MU,1603530123
426,laguna,38.42,-121.42,52.84,55.4,71,1,4.7,US,1603530124
427,arraias,-12.93,-46.94,70.43,70.43,89,100,2.06,BR,1603530125
428,okhotsk,59.38,143.3,39.79,39.79,89,100,6.4,RU,1603530125
429,vila franca do campo,37.72,-25.43,66.2,66.2,77,75,14.99,PT,1603530126
430,scarborough,54.28,-0.4,47.28,48.0,87,100,7.0,GB,1603530127
431,general pico,-35.66,-63.76,58.84,58.84,97,18,6.69,AR,1603530127
432,ibotirama,-12.19,-43.22,73.6,73.6,62,100,3.09,BR,1603530128
433,sechura,-5.56,-80.82,63.03,63.03,81,99,5.46,PE,1603530129
434,dalvik,65.97,-18.53,39.9,39.9,86,100,17.09,IS,1603530129
435,rio gallegos,-51.62,-69.22,42.8,42.8,93,90,12.75,AR,1603530089
436,kaeo,-35.1,173.78,62.01,62.01,91,9,3.33,NZ,1603530131
437,basti,26.8,82.72,88.7,88.7,28,0,9.62,IN,1603530131
438,tecolutla,20.48,-97.02,73.58,73.58,86,63,6.71,MX,1603530132
439,talaya,61.38,152.75,31.32,31.32,93,100,2.19,RU,1603530133
440,atar,20.52,-13.05,84.33,84.33,30,100,14.07,MR,1603530133
441,constitucion,-35.33,-72.42,48.94,48.94,62,0,4.7,CL,1603530134
442,marfino,55.7,37.38,52.57,54.0,71,75,13.42,RU,1603530135
443,saint-augustin,51.23,-58.65,39.4,39.4,72,98,12.97,CA,1603530136
444,udachnyy,66.42,112.4,19.4,19.4,67,0,6.71,RU,1603530137
445,magdagachi,53.45,125.8,31.08,31.08,89,0,6.08,RU,1603530137
446,keflavik,64.0,-22.56,45.16,45.16,71,100,18.21,IS,1603530138
447,ust-nera,64.57,143.2,18.07,18.07,91,91,4.23,RU,1603530139
448,salinopolis,-0.61,-47.36,78.49,78.49,83,35,9.95,BR,1603530141
449,tautira,-17.73,-149.15,75.09,75.2,83,75,4.7,PF,1603530142
450,jurado,7.11,-77.76,75.79,75.79,90,100,2.1,CO,1603530143
451,rio branco,-9.97,-67.81,75.2,75.2,100,0,3.36,BR,1603530002
452,sitka,57.05,-135.33,33.8,33.8,50,75,3.36,US,1603530145
453,puerto madryn,-42.77,-65.04,64.85,64.85,45,100,5.26,AR,1603530076
454,kumi,36.11,128.34,55.35,59.0,30,1,2.24,KR,1603529963
455,ondjiva,-17.07,15.73,80.6,80.6,34,0,4.7,AO,1603530148
456,neuquen,-38.95,-68.06,64.4,64.4,68,0,4.7,AR,1603530022
457,husavik,66.04,-17.34,39.58,39.58,89,100,29.8,IS,1603530149
458,bocas del toro,9.33,-82.25,62.01,62.01,97,91,4.45,PA,1603530151
459,perehonivka,48.54,30.52,62.56,62.56,53,79,6.6,UA,1603530152
460,ca mau,9.18,105.15,82.11,82.11,83,99,3.15,VN,1603530114
461,minsk,53.9,27.57,48.2,48.2,100,90,6.71,BY,1603530153
462,qaqortoq,60.72,-46.03,28.4,28.4,74,90,3.36,GL,1603530154
463,inhambane,-23.86,35.38,82.4,82.4,58,75,9.17,MZ,1603530154
464,jalu,29.03,21.55,74.8,74.8,50,0,10.65,LY,1603530155
465,byron bay,-28.65,153.62,67.91,69.8,94,40,11.41,AU,1603530155
466,tendukheda,23.4,79.55,88.25,88.25,31,0,2.1,IN,1603530156
467,heishan,41.69,122.11,52.5,52.5,42,0,6.06,CN,1603530157
468,mae hong son,19.3,97.97,87.8,87.8,58,75,3.36,TH,1603530061
469,bardoli,21.12,73.12,98.6,98.6,25,0,2.24,IN,1603530158
470,saint-pierre,-21.34,55.48,76.87,80.6,54,0,25.28,RE,1603530159
471,tongren,27.72,109.19,64.71,64.71,58,83,5.73,CN,1603530159
472,bakonycsernye,47.32,18.08,50.25,54.0,100,90,4.7,HU,1603530160
473,kyaikto,17.3,97.02,84.65,84.65,73,78,6.31,MM,1603530161
474,pahrump,36.21,-115.98,57.99,57.99,37,100,1.01,US,1603530161
475,chekhov,55.14,37.47,54.07,55.0,6,11,8.37,RU,1603530162
476,praya,14.92,-23.51,78.8,78.8,78,75,20.8,CV,1603530163
477,cedar lake,41.36,-87.44,40.26,42.01,79,100,7.0,US,1603530163
478,cabedelo,-6.98,-34.83,75.2,75.2,94,75,4.7,BR,1603530164
479,kawalu,-7.38,108.21,80.11,80.11,79,97,4.27,ID,1603530165
480,ola,59.58,151.28,38.61,38.61,81,100,6.29,RU,1603530165
481,abbeville,50.1,1.83,55.99,55.99,76,100,16.55,FR,1603530022
482,moose factory,51.26,-80.61,30.2,30.2,80,90,8.05,CA,1603530167
483,sibu,2.3,111.82,91.4,91.4,59,40,3.36,MY,1603530167
484,synya,65.37,58.04,27.61,27.61,88,100,5.93,RU,1603530169
485,phuket,8.0,98.25,86.07,88.0,74,20,6.93,TH,1603530170
486,neiafu,-18.65,-173.98,77.32,77.32,84,100,17.52,TO,1603530170
487,springville,40.17,-111.61,36.95,39.99,53,1,3.71,US,1603530171
488,atasu,48.68,71.64,36.48,36.48,67,23,10.0,KZ,1603530171
489,jalingo,8.88,11.37,85.24,85.24,63,11,5.93,NG,1603530172
490,garliava,54.82,23.87,50.0,50.0,93,75,5.82,LT,1603530173
491,casambalangan,18.38,122.13,81.82,81.82,82,71,11.86,PH,1603530173
492,princeville,45.77,-61.3,45.41,50.0,100,75,8.05,CA,1603530174
493,grindavik,63.84,-22.43,45.07,45.07,67,99,19.73,IS,1603530175
494,san carlos,9.66,-68.58,72.75,72.75,91,93,1.72,VE,1603530176
495,micheweni,-4.97,39.83,84.7,84.7,66,81,11.34,TZ,1603530177
496,yar-sale,66.83,70.83,20.52,20.52,97,93,4.36,RU,1603530178
497,turukhansk,65.82,87.98,12.11,12.11,96,100,9.51,RU,1603530179
498,itoman,26.12,127.67,72.73,73.4,56,75,16.11,JP,1603530179
499,sao jose da coroa grande,-8.9,-35.15,76.64,76.64,80,6,8.93,BR,1603530180
500,xining,36.62,101.77,62.82,62.82,30,15,7.02,CN,1603529968
501,kajaani,64.23,27.73,35.6,35.6,82,90,17.22,FI,1603530181
502,uyemskiy,64.47,40.85,33.8,33.8,92,90,13.42,RU,1603530182
503,pishva,35.31,51.73,68.59,69.8,26,20,4.7,IR,1603530183
504,finca corredor,8.35,-82.85,62.01,62.01,97,100,6.11,PA,1603530183
505,namibe,-15.2,12.15,73.4,73.4,83,75,9.17,AO,1603530184
506,chernyshevskiy,63.01,112.47,24.04,24.04,97,6,5.91,RU,1603530185
507,gamba,-2.65,10.0,80.83,80.83,73,100,7.78,GA,1603530185
508,roebourne,-20.78,117.13,80.76,80.76,44,0,20.36,AU,1603530186
509,marshall,34.38,-86.33,66.0,68.0,88,90,6.93,US,1603530187
510,sabang,5.89,95.32,82.92,82.92,75,39,16.75,ID,1603530188
511,uchiza,-8.46,-76.46,66.79,66.79,83,5,2.73,PE,1603530188
512,kahului,20.89,-156.47,72.84,75.2,73,1,3.36,US,1603530086
513,sibolga,1.74,98.78,84.4,84.4,66,79,4.68,ID,1603530190
514,livingston,55.9,-3.52,49.35,53.6,87,75,17.22,GB,1603530191
515,jiaojiang,28.68,121.44,64.0,64.0,55,95,8.75,CN,1603530192
516,houma,29.6,-90.72,70.12,71.01,100,75,4.7,US,1603530192
517,sobolevo,54.43,31.9,51.08,51.08,80,92,6.73,RU,1603530193
518,mountain home,43.13,-115.69,46.4,46.4,22,90,10.29,US,1603530125
519,onega,63.91,38.14,33.1,33.1,93,77,12.01,RU,1603530194
520,tanggu,39.02,117.65,66.2,66.2,20,0,6.71,CN,1603530195
521,pivijay,10.46,-74.62,75.42,77.0,100,40,8.05,CO,1603530196
522,margate,51.38,1.39,57.0,57.0,80,76,3.0,GB,1603530197
523,bousso,10.48,16.71,93.13,93.13,33,65,3.09,TD,1603530197
524,boca do acre,-8.75,-67.4,72.14,72.14,94,100,2.01,BR,1603530198
525,shu,43.6,73.76,50.5,50.5,46,53,3.22,KZ,1603530198
526,kitgum,3.28,32.89,85.75,85.75,57,13,1.45,UG,1603530199
527,herre,59.1,9.57,44.1,45.0,97,43,1.99,NO,1603530200
528,malanje,-9.54,16.34,84.52,84.52,56,100,0.74,AO,1603530200
529,moree,-29.47,149.85,68.0,68.0,82,40,12.86,AU,1603530201
530,saint george,37.1,-113.58,54.03,55.4,37,1,1.52,US,1603530163
531,nauta,-4.51,-73.58,70.45,70.45,96,78,0.72,PE,1603530202
532,berbera,10.44,45.01,89.85,89.85,40,52,10.36,SO,1603530203
533,port blair,11.67,92.75,84.16,84.16,73,48,12.44,IN,1603530036
534,naliya,23.27,68.83,88.88,88.88,36,0,9.93,IN,1603530204
535,oktyabrskoye,43.06,44.74,68.92,71.6,19,0,4.47,RU,1603530205
536,taltal,-25.4,-70.48,54.61,54.61,77,59,1.88,CL,1603530050
537,trenggalek,-8.05,111.72,82.2,82.2,71,75,6.51,ID,1603530207
538,warrington,53.39,-2.58,51.96,53.01,87,90,17.22,GB,1603530207
539,leninsk,48.71,45.2,60.03,60.8,77,0,17.9,RU,1603530209
540,yago,21.83,-105.07,77.13,77.13,91,47,1.45,MX,1603530209
541,kharan,28.58,65.42,73.94,73.94,19,0,2.55,PK,1603530073
542,sur,22.57,59.53,84.83,84.83,37,0,12.66,OM,1603530211
543,sundumbili,-29.13,31.4,80.6,80.6,65,0,10.29,ZA,1603530211
544,la macarena,2.18,-73.78,70.2,70.2,95,98,1.1,CO,1603530212
545,tondano,1.3,124.91,73.94,73.94,94,88,1.05,ID,1603530213
546,belaya gora,68.53,146.42,11.44,11.44,92,39,6.11,RU,1603530213
547,daru,-9.08,143.21,79.41,79.41,84,96,6.24,PG,1603530214
548,baie-comeau,49.22,-68.15,48.2,48.2,93,90,9.17,CA,1603530033
549,chumphon,10.33,98.83,87.8,87.8,74,75,9.17,TH,1603530215
550,ushtobe,45.25,77.98,45.59,45.59,55,100,10.42,KZ,1603530216
551,ada,43.42,-116.13,51.01,53.6,18,90,11.41,US,1603530216
552,solnechnyy,50.72,136.63,37.44,37.44,95,100,10.45,RU,1603530217
553,tokur,53.13,132.9,26.64,26.64,96,100,11.23,RU,1603530217
554,mareeba,-17.0,145.43,76.82,80.01,74,75,3.36,AU,1603530218
555,meulaboh,4.14,96.13,84.63,84.63,68,96,6.24,ID,1603530219
556,adrar,20.5,-10.07,86.23,86.23,18,34,14.34,MR,1603530219
557,dobryatino,55.51,41.32,50.23,50.23,71,100,9.78,RU,1603530220
558,road town,18.42,-64.62,82.33,82.99,81,5,13.0,VG,1603530017
559,zhuanghe,39.7,122.99,53.44,53.44,41,0,7.29,CN,1603530221
560,saint anthony,45.02,-93.22,24.8,24.8,73,1,8.05,US,1603530222
561,mercedes,-34.65,-59.43,63.75,64.0,94,18,1.99,AR,1603530223
562,hall,34.32,-83.78,60.96,62.6,93,40,1.3,US,1603530223
563,grootfontein,-19.57,18.12,91.06,91.06,12,0,16.58,NA,1603530224
564,pasni,25.26,63.47,88.23,88.23,26,0,20.49,PK,1603530225
565,ayan,56.45,138.17,41.29,41.29,92,100,22.91,RU,1603530225
566,ketchikan,55.34,-131.65,33.75,39.2,63,1,4.7,US,1603530226
567,baculin,7.45,126.58,81.63,81.63,78,100,3.49,PH,1603530226
568,coracao de jesus,-16.69,-44.37,65.68,65.68,89,100,6.33,BR,1603530243
569,zhongshu,24.52,103.77,66.16,66.16,65,58,5.17,CN,1603530244
570,lucea,18.45,-78.17,77.54,78.01,88,75,8.05,JM,1603530245
571,kainantu,-6.29,145.87,62.76,62.76,93,100,0.34,PG,1603530245
572,askarovo,53.34,58.51,35.6,35.6,100,90,13.42,RU,1603530246
573,yerbogachen,61.28,108.01,31.69,31.69,95,84,8.05,RU,1603530246
574,pathein,16.78,94.73,84.0,84.0,80,75,7.38,MM,1603530248
575,ruidoso,33.33,-105.67,36.01,39.99,61,20,5.82,US,1603530248
576,caracollo,-14.92,-70.66,44.56,44.56,63,95,1.74,PE,1603530249
577,abdulino,53.7,53.67,49.5,49.5,93,100,15.26,RU,1603530249
578,saint-sauveur-des-monts,45.9,-74.17,64.13,64.4,82,90,17.22,CA,1603530250
579,baiyin,36.56,104.21,60.8,60.8,38,0,6.71,CN,1603530251
580,tromso,69.65,18.96,35.6,35.6,89,75,26.4,NO,1603530237
581,progreso,21.28,-89.67,79.43,80.01,94,40,3.36,MX,1603530252
582,dakar,14.69,-17.44,82.4,82.4,94,40,2.24,SN,1603530145
583,phalaborwa,-23.94,31.14,77.0,77.0,65,2,4.7,ZA,1603530253
584,rio claro,-22.41,-47.56,67.21,67.21,86,100,7.11,BR,1603530056
585,alekseyevka,50.63,38.69,59.18,59.18,66,100,7.81,RU,1603530255
586,blagoyevo,63.37,47.92,30.76,30.76,98,100,5.37,RU,1603530255
587,lunsar,8.68,-12.53,80.31,80.31,84,13,1.7,SL,1603530256
588,kasama,-10.21,31.18,87.84,87.84,22,0,6.85,ZM,1603530256
589,diffa,13.32,12.61,95.32,95.32,13,9,19.73,NE,1603530257
590,camana,-16.62,-72.71,61.84,61.84,80,92,3.65,PE,1603529961
591,altamira,-3.2,-52.21,71.71,71.71,91,44,2.59,BR,1603530258
592,kruisfontein,-34.0,24.73,77.0,77.0,71,91,5.01,ZA,1603530259
593,santiago de cuba,20.02,-75.82,78.8,78.8,74,40,8.05,CU,1603530260
594,kuliyapitiya,7.47,80.04,86.0,86.0,70,40,8.05,LK,1603530260
595,estelle,29.85,-90.11,73.92,75.0,100,90,3.38,US,1603530261
596,sauda,59.65,6.35,47.52,48.0,84,93,8.01,NO,1603530262
597,challans,46.84,-1.87,59.34,60.01,93,90,13.87,FR,1603530262
598,wuda,39.5,106.71,62.8,62.8,33,24,7.63,CN,1603530263
599,bethanien,-26.5,17.16,94.95,94.95,13,0,10.54,NA,1603530264
600,sola,-13.88,167.55,80.38,80.38,82,94,17.07,VU,1603530264
601,mehran,33.12,46.16,82.4,82.4,13,0,4.7,IR,1603530265
602,karangasem,-8.45,115.62,87.8,87.8,74,40,11.41,ID,1603530266
603,stornoway,58.21,-6.39,49.57,50.0,76,40,21.92,GB,1603530267
604,miri,4.41,114.01,86.0,86.0,74,40,6.93,MY,1603530267
605,cheyenne,41.14,-104.82,19.98,21.2,79,1,12.75,US,1603530268
606,kushalgarh,23.2,74.45,89.35,89.35,21,0,7.07,IN,1603530253
607,dehloran,32.69,47.27,94.95,94.95,9,1,8.52,IR,1603530269
608,kharovsk,59.96,40.19,38.95,38.95,74,56,11.65,RU,1603530270
609,shonguy,68.75,33.15,30.2,30.2,100,75,4.29,RU,1603530271
610,mapimi,25.82,-103.85,66.04,66.04,72,11,6.24,MX,1603530271
611,chimore,-16.98,-65.13,79.52,79.52,63,100,1.95,BO,1603530272
612,turinskaya sloboda,57.62,64.39,32.16,32.16,84,100,14.36,RU,1603530273
613,gondar,12.6,37.47,73.47,73.47,45,58,4.23,ET,1603530273
614,tiznit,29.58,-9.5,67.24,67.24,51,1,2.17,MA,1603530274
615,mount gambier,-37.83,140.77,50.0,50.0,87,40,12.75,AU,1603530275
616,yaan,7.38,8.57,81.99,81.99,75,38,5.39,NG,1603530276
617,dharchula,29.85,80.53,76.46,76.46,22,0,6.62,IN,1603530276
618,sawakin,19.11,37.33,92.66,92.66,44,7,9.19,SD,1603530277
619,erzin,36.96,36.2,88.0,88.0,22,0,3.0,TR,1603530278
620,loiza,18.43,-65.88,77.95,80.6,83,1,11.25,PR,1603530278
621,fomboni,-12.28,43.74,79.93,79.93,74,3,10.56,KM,1603530279
622,weimar,50.98,11.32,57.31,60.01,84,0,3.0,DE,1603530280
623,dali,25.7,100.18,61.43,61.43,75,99,2.19,CN,1603530123
624,urengoy,65.97,78.37,17.74,17.74,95,97,8.99,RU,1603530281
625,ciudad guayana,8.35,-62.65,75.0,75.0,94,5,1.01,VE,1603530282
626,namatanai,-3.67,152.43,81.41,81.41,69,30,1.52,PG,1603530282
627,ouegoa,-20.35,164.43,77.11,77.11,75,68,9.82,NC,1603530283
628,vestmannaeyjar,63.44,-20.27,43.59,43.59,72,100,16.78,IS,1603530284
629,salaga,8.55,-0.52,83.52,83.52,66,87,4.18,GH,1603530284
630,koutiala,12.39,-5.46,85.39,85.39,30,15,2.89,ML,1603530285
631,fort smith,35.39,-94.4,47.55,48.2,66,90,9.17,US,1603530286
632,merauke,-8.47,140.33,81.34,81.34,81,47,10.31,ID,1603530287
633,porlamar,10.96,-63.85,82.4,82.4,78,90,11.41,VE,1603530288
634,san quintin,30.48,-115.95,64.71,64.71,80,100,5.26,MX,1603530289
635,bitkine,11.98,18.21,91.31,91.31,17,63,11.77,TD,1603530289
636,luwingu,-10.26,29.93,88.09,88.09,22,0,6.96,ZM,1603530290
637,chapais,49.78,-74.85,32.0,32.0,98,90,12.75,CA,1603530291
638,bud,39.45,-86.18,44.82,46.0,70,90,10.29,US,1603530292
639,parsons,37.34,-95.26,39.69,41.0,65,90,9.17,US,1603530292
640,kasur,31.12,74.45,86.0,86.0,35,0,4.7,PK,1603530222
641,dudinka,69.41,86.18,3.2,3.2,91,0,8.95,RU,1603530294
642,ausa,41.93,2.25,52.63,55.0,81,11,1.01,ES,1603530295
643,homer,59.64,-151.55,39.2,39.2,93,90,8.55,US,1603530147
644,matongo,-2.38,34.08,90.88,90.88,28,26,3.13,TZ,1603530296
645,galegos,41.56,-8.57,56.93,59.0,87,75,16.11,PT,1603530296
646,boulsa,12.67,-0.58,90.32,90.32,13,22,9.91,BF,1603530297
647,wagar,16.15,36.2,99.63,99.63,20,88,4.72,SD,1603530298
648,bara,10.37,10.73,88.27,88.27,37,81,1.95,NG,1603530298
649,stromness,58.97,-3.3,50.0,50.0,81,75,39.15,GB,1603530299
650,villa bruzual,9.33,-69.12,72.88,72.88,94,100,1.79,VE,1603530300
651,ust-ilimsk,58.0,102.66,37.62,37.62,88,100,3.11,RU,1603530300
652,pemba,-12.97,40.52,84.2,84.2,66,40,13.87,MZ,1603530301
653,aripuana,-9.17,-60.63,71.11,71.11,98,59,0.2,BR,1603530302
654,majene,-3.54,118.97,83.34,83.34,77,89,7.81,ID,1603530303
655,elko,41.0,-115.5,37.65,43.0,30,1,3.36,US,1603530304
656,codajas,-3.84,-62.06,73.11,73.11,98,100,2.24,BR,1603530304
657,vieques,18.43,-65.83,78.98,80.6,83,1,12.35,PR,1603530305
658,rovinj,45.08,13.64,64.27,64.4,88,75,4.7,HR,1603530306
659,northam,51.03,-4.22,55.33,55.99,96,100,13.0,GB,1603530306
660,cosala,24.41,-106.69,77.0,77.0,93,0,3.27,MX,1603530307
661,lisakovsk,52.54,62.49,37.44,37.44,80,100,21.83,KZ,1603530307
662,kailua,21.4,-157.74,74.44,75.2,100,20,7.38,US,1603530309
663,westport,41.14,-73.36,60.89,62.01,98,98,5.19,US,1603530310
664,springbok,-29.66,17.89,77.0,77.0,11,0,4.7,ZA,1603530311
665,mantua,45.17,10.78,57.0,57.0,97,63,1.99,IT,1603530312
666,oranjestad,12.52,-70.03,82.4,82.4,83,40,18.34,AW,1603530312
667,chicama,-7.84,-79.15,61.74,61.74,84,87,3.09,PE,1603530313
668,sangmelima,2.93,11.98,73.13,73.13,87,100,1.97,CM,1603530314
669,verkhnevilyuysk,63.45,120.32,21.54,21.54,95,29,3.91,RU,1603530314
670,arlit,18.74,7.39,89.6,89.6,11,0,13.98,NE,1603530315
671,soure,-0.72,-48.52,78.66,78.66,83,12,9.17,BR,1603530315
672,cockburn town,21.46,-71.14,82.69,82.69,83,100,16.91,TC,1603530317
673,pauini,-7.71,-66.98,72.55,72.55,97,100,2.08,BR,1603530317
674,ilebo,-4.32,20.58,80.4,80.4,75,98,2.64,CD,1603530318
675,krasnoyarka,55.33,73.12,24.8,24.8,68,75,8.95,RU,1603530319
676,nioro,13.35,-15.75,82.35,82.35,66,88,3.24,GM,1603530319
677,ugoofaaru,5.67,73.0,82.0,82.0,77,93,12.06,MV,1603530320
678,nizhniy odes,63.64,54.86,25.77,25.77,97,100,10.54,RU,1603530321
679,kingman,35.19,-114.05,59.0,59.0,38,1,4.07,US,1603530321
680,somanda,-3.37,33.95,88.9,88.9,28,4,2.95,TZ,1603530322
681,zhigansk,66.77,123.37,14.29,14.29,93,0,16.64,RU,1603530323
682,bauchi,10.5,10.0,88.68,88.68,19,58,6.64,NG,1603530324
683,makasar,-5.14,119.42,84.2,84.2,83,20,8.05,ID,1603530324
684,winnemucca,40.97,-117.74,37.4,37.4,29,1,4.7,US,1603530325
685,yeniseysk,58.45,92.17,34.86,34.86,83,92,5.14,RU,1603530326
686,rawson,-43.3,-65.1,62.31,62.31,53,100,5.68,AR,1603530327
687,mitu,1.2,-70.17,69.66,69.66,98,100,0.4,CO,1603530328
688,waverly,42.74,-84.62,34.18,35.01,86,1,5.82,US,1603530328
689,ishigaki,24.34,124.16,73.4,73.4,69,75,19.46,JP,1603530329
690,sergeyevka,53.88,67.42,36.12,36.12,73,100,16.06,KZ,1603530330
691,togur,58.36,82.83,32.13,32.13,95,100,7.16,RU,1603530330
692,nanakuli,21.39,-158.15,73.98,75.2,88,1,3.36,US,1603530331
693,lithakia,37.72,20.83,69.8,69.8,68,20,6.29,GR,1603530332
694,tessalit,20.2,1.01,91.09,91.09,11,0,21.99,ML,1603530333
695,san rafael,-34.62,-68.33,63.64,63.64,81,0,2.57,AR,1603530334
696,la huacana,18.97,-101.82,69.49,69.49,81,72,2.86,MX,1603530335
697,otavi,-19.65,17.33,91.76,91.76,12,0,17.94,NA,1603530336
698,vargashi,55.36,65.85,34.5,34.5,79,100,17.85,RU,1603530337
699,yanliang,34.66,109.23,62.6,62.6,45,62,11.18,CN,1603530338
700,mokrous,51.23,47.52,62.44,62.44,63,70,13.18,RU,1603530338
